iter,RSS
1,0.0127753
2,0.0170414
3,4.99259
4,nan
